;;ACURA;;;;
;HD0010;Радиатор ACURA MDX 01-06;2,000;;2 400,00;
;;AUDI;;;;
;AD0002;Радиатор AUDI 100 A4/S4 2.0/2.3/2.5 90-94 / AUDI A6/S6 1.8/1.9/2.0/2.3/2.5  94-97;> 5,000;;1 850,00;
;AD0001;Радиатор AUDI 80/90 1.9/2.0 91-96;;;1 800,00;
;AD0006;Радиатор AUDI A4/S4/A6  1.6/1.8/1.9/2.0  00-;;;2 501,00;
;AD0004;Радиатор AUDI A4/S4/A6/S6/SCODA SUPERB/VW PASSAT B5  2.4/2.5/2.6/2.8  95-05;;;2 231,00;
;AD0003;Радиатор AUDI A4/S4/A6/S6/VW PASSAT B5 1.6/1.8/1.9/2.0/2.3  95-05;;;2 021,00;
;AD0005;Радиатор AUDI A6/S6 2.5  97-05;;;2 301,00
;AD0008;Радиатор AUDI A8/S8   3.0/3.2/4.0/4.2/6.0  03-;;;5 300,00
;AD0007;Радиатор AUDI Q7/VW TOUAREG/ PORSCHECAYENNE  3.0/3.2/3.6/4.2/4.5  02-;;;5 300,00
;;BMW;;;
;BW0002;Радиатор BMW 3-series  E30 M20 85- / 5/7-series E34/E32 M60 91-94;> 5,000;;2 600,00
;BW0001;Радиатор BMW 3-series  E30/E36/M43 316/318/320/325  87-99;> 5,000;;2 800,00
;BW0009;Радиатор BMW 3-series E30 M40 316/318  87-94;> 5,000;;2 300,00
;BW0003;Радиатор BMW 3/5-series E30/E34/E36 316/318/320/323/325/328/518/520/525  87-00;> 5,000;;2 500,00
;BW0008;Радиатор BMW 3/Z4-series E46/E85  316/318  Z4 - 2.0/2.2/2.3/2.5  98-;> 5,000;;2 200,00
;BW0004;Радиатор BMW 5-series E34 518/520/525  89-97;> 5,000;;2 800,00
;BW0005;Радиатор BMW 5-series E34 520  88-97;> 5,000;;2 500,00
;BW0004-97;Радиатор BMW 5-series E39 520/523/528  96-00;> 5,000;;2 600,00
;BW0007-96;Радиатор BMW 5/7-series E38/E39  520/523/525/528/530/535/540/728/735/740  95-03;> 5,000;;2 900,00
;BW0006-97;Радиатор BMW 5/7-series E38/E39  525/725  97-03;> 5,000;;1 720,00
;BW0006;Радиатор BMW 7/5-series 530/535/M5/730/735  E32/E34  88-94;> 5,000;;2 500,00
;BW0007;Радиатор BMW 7/8/5-series E31/E32/E34 530/540/740/840 92-96;> 5,000;;2 001,00
;BW0010;Радиатор BMW E53/X5 3.0  00-;> 5,000;;3 200,00
;;BYD;;;
;BD0001;Радиатор BYF FLYER/F3 2005-;;;
;;CHERY;;;
;CH0002;Радиатор CHERRY Tiggo 1.6 2005-;;;
;;DAEWOO;;;
;DW0006;Радиатор DAEWOO ESPERO 1.5-1.8-2.0 95-99;> 5,000;;
;DA0005;Радиатор DAEWOO MATIZ 98-;;;1 400,00
;DW0005;Радиатор DAEWOO MATIZ 98-;> 5,000;;1 400,00
;DW0001;Радиатор DAEWOO NEXIA 96-;3,000;;1 700,00
;DW0003;Радиатор DAEWOO/CHEVROLET LANOS 1.3-1.5-1.6 97-;> 5,000;;
;DW0004-1.6;Радиатор DAEWOO/CHEVROLET NUBIRA/LACETTI 1.4-1.6-1,8;;;
;DW0004-1.4;Радиатор DAEWOO/CHEVROLET NUBIRA/LACETTI 1.4-1.6-1,8;2,000;;
;DW0004-2.0;Радиатор DAEWOO/CHEVROLET NUBIRA/LACETTI/LEGANZA 2,0 00-;> 5,000;;
;;DAIHATSU;;;
;DA0002;Радиатор DAIHATSU PYZAR 96-02;> 5,000;G303G;2 000,00
;;FORD;;;
;FD0001;Радиатор FORD FOCUS 1,6-1,8-2,0 98-04;4,000;FORD MONDEO 01-06;1 900,00
;FD0002;Радиатор FORD FOCUS 1.6-2.0 98-04;1,000;;1 900,00
;FD0003-2.0D;Радиатор FORD MONDEO 1.6-1.8-2.0 93-00;3,000;;1 900,00
;FD0003-07;Радиатор FORD MONDEO 2.0-2.5 07-;;;2 600,00
;FD0004-2.0D;Радиатор FORD MONDEO DIESEL 2.0-2.2 01-06;> 5,000;;2 200,00
;FD0006;Радиатор FORD TRANSIT 2.0 DIESEL 00-;3,000;;2 400,00
;FD0005;Радиатор FORD TRANSIT 2.5 94-00 MT;> 5,000;;2 500,00
;;HONDA;;;
;HD0002-88;Радиатор Accord 86-89 1,8-2,0;;CA1;2 200,00
;HD0005-CB;Радиатор Accord Inspire / Vigor  2,0-2,5 89-93;1,000;;2 200,00
;HD0005-V6;Радиатор Acura TL Inspire / Saber, H32A, V6 3,2;2,000;H32A,V6 3.;2 500,00
;HD0003-CL;Радиатор HONDA ACCORD 02-;> 5,000;CL#;2 200,00
;HD0002;Радиатор HONDA ACCORD 89-93 1,8-2,0;2,000;CA1;2 000,00
;HD0003;Радиатор HONDA ACCORD/PRELUDE 93-97 1,8-2,3;1,000;CD#;1 950,00
;HD0003-CF;Радиатор HONDA ACCORD/TORNEO 1.8-2.3  97-02;2,000;CF1;2 000,00
;HD0005-TA1;Радиатор HONDA AVANCIER F23A 2,3 99-03;2,000;TA1;2 200,00
;HD0001-ES;Радиатор HONDA CIVIC 00-05;1,000;#E11#;2 000,00
;HD0001-FD;Радиатор HONDA CIVIC 4D 05-;> 5,000;FD1;2 300,00
;HD0001-EF;Радиатор HONDA CIVIC SHUTTLE/CONCERTO 88-92;;EF#;1 900,00
;HD0001;Радиатор HONDA CIVIC/DOMANI 92-01/HR-V 98-02;> 5,000;EK3;1 200,00
;HD00044;Радиатор HONDA CR-V 01-06/ELEMENT 03-;> 5,000;RD5;2 230,00
;HD0004-07;Радиатор HONDA CR-V 07-;1,000;;2 500,00
;HD0004;Радиатор HONDA CR-V 95-01;;RD1;2 000,00
;HD00013-03;Радиатор HONDA FIT 03-07;;;2 000,00
;HD00013;Радиатор HONDA FIT 5D 1.3-1.5 01-03;> 5,000;GD1;1 800,00
;HD00014;Радиатор HONDA FIT ARIA 4D 1.5-1.8 02-;;GD6;2 100,00
;HD0005;Радиатор HONDA INSPIRE/SABER/ASCOT/RAFAGA/ACURA TL 95-98 2,0-2,5;;UA1/2;2 100,00
;HD0005-UA;Радиатор HONDA INSPIRE/SABER/AVANCIER/ACURA TL 2.5-3.2;3,000;;2 000,00
;HD0008-DA;Радиатор HONDA INTEGRA 89-93;2,000;INTEGRA 89;2 200,00
;HD0008-BD;Радиатор HONDA INTEGRA 93-00;2,000;INTEGRA 93;2 200,00
;HD0006;Радиатор Honda Legend  94-99;;LEGEND 92-;2 500,00
;HD00013-GB1;Радиатор HONDA MOBILIO/AIRWAVE/PARTNER II 01-;;;2 000,00
;HD0007-RB1;Радиатор HONDA ODYSSEY 03-;;RB1;2 400,00
;HD0007;Радиатор HONDA ODYSSEY 95-99;2,000;RA1;2 100,00
;HD0007-RA6;Радиатор HONDA ODYSSEY 99-03;;RA6;2 200,00
;HD0009-RH1;Радиатор HONDA S-MX 97-02;1,000;;2 000,00
;HD0009-RF3;Радиатор HONDA STEP WGN 01-05;3,000;RF3;2 200,00
;HD0009-RF1;Радиатор HONDA STEP WGN B20B 96-01;2,000;RF1;2 100,00
;HD00015;Радиатор HONDA STREAM RN1 1.7 00-;> 5,000;RN1;2 200,00
;HD00015-2.0;Радиатор HONDA STREAM RN1 K20A 2,0  01-;4,000;RN1;2 200,00
;HD0008-DC;Радиатор Integra 3D 1.6-2.0 2001-;2,000;DC5;2 200,00
;;HYUNDAI;;;
;HY0002;Радиатор HYUNDAI ACCENT 00-;> 5,000;;1 700,00
;HY0001;Радиатор HYUNDAI ACCENT 1.6 02-;> 5,000;;2 200,00
;HY0003;Радиатор HYUNDAI ELANTRA 00-;> 5,000;;2 050,00
;HY0004-07;Радиатор HYUNDAI ELANTRA 07-/KIA CEED 06-/PRO CEED 1.4, 1.6, 2.0;> 5,000;;2 801,00
;HY0004;Радиатор HYUNDAI ELANTRA/TIBURON 1.6, 1.8, 2.0  00-;> 5,000;;2 050,00
;HY0008;Радиатор HYUNDAI GETZ 1.3  02-;> 5,000;;1 701,00
;HY0010;Радиатор HYUNDAI MATRIX MPV 1.5, 1.6, 2.0 01-;> 5,000;;2 001,00
;HY0006-2.2D;Радиатор HYUNDAI SANTAFE 2.2 DIESEL 06-;> 5,000;;2 600,00
;HY0006;Радиатор HYUNDAI SONATA (ТАГАЗ) 02-;4,000;;2 000,00
;HY0005;Радиатор HYUNDAI SONATA 2.0, 3.0   91-98;3,000;;1 900,00
;HY0005-97;Радиатор HYUNDAI SONATA III 1997-2001;> 5,000;;1 900,00
;HY0007;Радиатор HYUNDAI SONATA NF/KIA MAGENTIS 05-;> 5,000;;2 200,00
;HY0006-2.4D;Радиатор HYUNDAI SONATA/SANTAFE DIESEL 2.4C/2.7L 01-;> 5,000;;2 300,00
;HY0009-03;Радиатор HYUNDAI TUCSON/KIA SPORTAGE 2.0, 2.7  03-;2,000;;2 301,00
;;INFINITY;;;
;NS0009-FX35;Радиатор INFINITY FX35 03-;4,000;;3 000,00
;NS0009-FX45;Радиатор INFINITY FX45 03-;1,000;;3 200,00
;;ISUZU;;;
;IS0005-V6;Радиатор Isuzu Bighorn Trooper 3.2 V6 6VD1 98-02 g;1,000;-;2 700,00
;IS0005-D;Радиатор Isuzu Bighorn Trooper 6VD1,4JG2 92-98 Die;;-;2 800,00
;;JEEP;;;
;JP0001;Радиатор JEEP GRAND CHEROKEE 4.0  99-;2,000;;2 801,00
;JP0001-4.7;Радиатор JEEP GRAND CHEROKEE 4.7 V8   99-;3,000;;2 801,00
;JP0002;Радиатор JEEP WRANGLER 2.5/4.0/4.2 86-96;> 5,000;;2 300,00
;;KIA;;;
;KI0002;Радиатор KIA CERATO 1.6, 2.0   04-;3,000;;2 000,00
;KI0003;Радиатор KIA PICANTO 1.1 04-;4,000;;1 400,00
;KI0004;Радиатор KIA RIO 00-05 1.3, 1.5, 1.6;4,000;;1 751,00
;KI0001;Радиатор KIA SEPHIA 98- MENTOR 96-/CARENS 02-;;;2 000,00
;KI0005;Радиатор KIA SORENTO 2.5 DIESEL, 3.3/3.5 (бензин);> 5,000;;2 400,00
;HY0009;Радиатор KIA SPORTAGE 2.0  94-03;5,000;;2 501,00
;KI0006;Радиатор охлаждения KIA SPORTAGE 2.0  94-03;;;
;;MAZDA;;;
;MZ0001;Радиатор 323 Familia 94-98;;323 FAMILI;1 900,00
;MZ0002;Радиатор 626 Capella 88-92 1,8-2,2;> 5,000;;1 900,00
;MZ0002-V6;Радиатор 626 Cronos ,Capella, Efini MS-6, Eunos500;1,000;GEEP CRONO;1 760,00
;MZ0004-2;Радиатор MAZDA 2/DEMIO 2003-;;;
;MZ0008;Радиатор MAZDA 3/FORD FOCUS II/C-MAX/AXELA/VOLVO S40 03-;;-;2 000,00
;MZ0005;Радиатор Mazda 6/Atenza 2002-;> 5,000;-;2 300,00
;MZ0009;Радиатор MAZDA BONGO FRIENDEE 95- WL;;SGWL;3 000,00
;MZ0002-V4;Радиатор MAZDA CAPELLA/626/CRONOS/MS-6 92-02 1,8-2,2;;GE8P 626 C;2 150,00
;MZ0004;Радиатор MAZDA DEMIO/FESTIVA 96-00;;-;1 800,00
;MZ0004-1;Радиатор MAZDA DEMIO/FORD FESTIVA  00-02;> 5,000;DW#;1 900,00
;MZ0003-V6;Радиатор MAZDA EUNOS/MILLENIA V6 94-99;;;2 400,00
;MZ0001-89;Радиатор MAZDA FAMILIA/323 89-94;;;
;MZ0001-1;Радиатор MAZDA FAMILIA/323/ASTINA/PROTEGE 98-02;> 5,000;B25D;1 800,00
;MZ0006;Радиатор Mazda MPV 91-95;2,000;MPV;2 400,00
;MZ0006-97;Радиатор MAZDA MPV 95-99;;MPV;2 400,00
;MZ0007;Радиатор MAZDA MPV 99-03 (бачки по бокам);;LW5W;2 200,00
;MZ0007-AJ;Радиатор MAZDA MPV AJ 2002-;;;
;MZ0001-2;Радиатор MAZDA PREMACY/FORD IXION 99-05;> 5,000;CP8W;1 780,00
;MZ0009-AJ;Радиатор MAZDA TRIBUTE 00- AJ бензин;2,000;;2 800,00
;MZ0009-YF;Радиатор MAZDA TRIBUTE 00- YF бензин;> 5,000;;2 800,00
;;MERCEDES;;;
;MB0007;Радиатор MERCEDES 190 W201 E2.0 (M102/M601.911)  82-93;> 5,000;;2 201,00
;MB0003-2;Радиатор MERCEDES 190 W201/S124/W124  1.8/2.0  (M102)  82-93;5,000;;2 100,00
;MB0001;Радиатор MERCEDES A-C-E-S-W124  260/280/300/320  (M103/104) 85-93;> 5,000;;2 400,00
;MB0001-1;Радиатор MERCEDES A-C-E-S-W124  280E/300CE/320 (M103/104)  85-97;> 5,000;;2 201,00
;MB0002;Радиатор MERCEDES A-C-S-W124 220E  93-98;> 5,000;;2 501,00
;MB0004;Радиатор MERCEDES A-class A140/150/160/180/190, VANEO 414  1.6,1.7,1.9   02-;> 5,000;;2 201,00
;MB0009-3;Радиатор MERCEDES C-CLASS W/S/CL203 A/C209 R171 C160/C180/C200/C220/C230/C240/C280/C30/C32/C320/C350;5,000;;3 101,00
;MB0009;Радиатор MERCEDES C-CLASS W210/S210  200/220/230/240/280/320  95-03  (M111.942/970/914/912/;> 5,000;;3 101,00
;MB0008-1;Радиатор MERCEDES C-CLASS/SLK W202/C202/S-C208/R170 180/200/220/230/240 (M111.974/M111.941/M111.940/;5,000;;3 101,00
;MB0008;Радиатор MERCEDES C-E-class/CLK W/S/E/202/208/210  180/200/220/230 (M111.941/M111.942/M111.970) 93-0;> 5,000;;3 000,00
;MB0003;Радиатор MERCEDES C-S-W124 200/230 (M102)  87-93;4,000;;2 201,00
;Mb0003-1;Радиатор MERCEDES C-S-W124 200/230 (M102) 85-93;> 5,000;;2 201,00
;MB0009-1;Радиатор MERCEDES E-CLASS  W210/S210 E280/E320  96-03  (M112.941/921, M104.995 );> 5,000;;2 901,00
;MB0002-1;Радиатор MERCEDES E-class A-C-S-W124 E200/E220 (M111940)  93-96;> 5,000;;2 400,00
;MB0011;Радиатор MERCEDES E-CLASS W211/S211 E200/220/240/280/320/350 CDI  02-  (M112.913, M112.917,M112.949,;4,000;;3 101,00
;MB0005;Радиатор MERCEDES ML230/320/350/430/500/55AMG W163 98-05;> 5,000;;2 070,00
;MB0006-1;Радиатор MERCEDES S-CLASS W140 S280/300 (M104.990/M104.994/M104.944)  93-98;> 5,000;;3 000,00
;MB0006-2;Радиатор MERCEDES S-class W140 S300/S350 (OM603.971/OM606.961)  93-98;4,000;;2 901,00
;MB0006;Радиатор MERCEDES S-class W140/C140 S420/S500/S600 91-99;> 5,000;;2 400,00
;MB0012;Радиатор MERCEDES S-CLASS W220  S280/320/350  98-05  (M112.922/944/972/975);> 5,000;;2 700,00
;MB0009-2;Радиатор MERCEDES S210/W210  E300D/E420/E430/E50/E420T/E430T 95-03  (M119.980/985, M113.940,M606.912;5,000;;3 201,00
;MB0010-1;Радиатор MERCEDES SPRINTER  208D/210D/212D/214/308D/310D/312D/314/408D/410D/412D/414 95-06 (M111.979;3,000;;3 300,00
;MB0010;Радиатор MERCEDES SPRINTER  208D/212D/214/308D/310D/312D/314/408D/410D/412D/414  95-06 (M111.949, OM;> 5,000;;2 501,00
;MB0010-3;Радиатор MERCEDES SPRINTER 208CDI/211CDI/213CDI/216CDI/308CDI/311CDI/313CDI/316CDI/408CDI/411CDI/413;3,000;;3 701,00
;;MITSUBISHI;;;
;MC0010-3.5;Радиатор MITSUBISHI CANTER 3.5 tonn 96-;1,000;;3 300,00
;MC0066-D;Радиатор MITSUBISHI CHALLENGER/MONTERO SPORT 96-02 2,4 Diesel;4,000;;3 300,00
;MC0066-2.8;Радиатор MITSUBISHI CHALLENGER/MONTERO SPORT 96-02 2,8 Diesel;3,000;-;3 200,00
;MC0001-CE;Радиатор MITSUBISHI COLT/LANCER/MIRAGE 95-00;4,000;COLT,LANCE;1 850,00
;MC0001-CB;Радиатор MITSUBISHI COLT/LANCER/MIRAGE/LIBERO 91-95;2,000;CB5W;2 200,00
;MC0005-L300-D;Радиатор MITSUBISHI DELICA L300 89-99 4D56 Diesel;;;2 200,00
;MC0005-2.8;Радиатор MITSUBISHI DELICA L400/SPACE GEAR 94-06 2.8 DIESEL;3,000;L400;2 400,00
;MC0002-E33;Радиатор MITSUBISHI GALANT 4G63/ETERNA 87-92;;;1 800,00
;MC0002-E3;Радиатор MITSUBISHI GALANT/ETERNA 87-92;> 5,000;E32A;1 880,00
;MC0002-V6;Радиатор MITSUBISHI GALANT/LEGNUM 96-03 6A13 2.5L;3,000;;2 550,00
;MC0002-E0;Радиатор MITSUBISHI GALANT/LEGNUM V6 96-03 E0A#;2,000;E0A#;2 350,00
;MC0008-03;Радиатор MITSUBISHI GRANDIS 4G69 03-;;;2 500,00
;MC000L200;Радиатор MITSUBISHI L200 TRITON 06-;;;3 200,00
;MC0001-CS;Радиатор MITSUBISHI LANCER CEDIA 1,5-2,0 00-03;> 5,000;CS#A;1 850,00
;MC0001-CY;Радиатор MITSUBISHI LANCER X под авт.;;;
;MC00088-07;Радиатор MITSUBISHI LANCER X/OUTLANDER XL/C-CROSSER/4007- 06- 2.4-3.0L;> 5,000;;2 500,00
;MC00088;Радиатор MITSUBISHI OUTLANDER/AIRTRECK 4G63T/4G93/4G94 01-06;> 5,000;;2 500,00
;MC0006-2.8;Радиатор MITSUBISHI PAJERO 2.8TD 4M40 DIESEL  91-99;2,000;4M40;2 700,00
;MC0006-2.8-L;Радиатор MITSUBISHI PAJERO 2.8TD 4M40 DIESEL 91-99 левый руль;> 5,000;;3 000,00
;MC0006-2.4-ATM;Радиатор MITSUBISHI PAJERO 4D56T/4G64  2.4-2.5L 91-99 A/T;;V43W PAJER;2 880,00
;MC00012;Радиатор MITSUBISHI PAJERO IO/PININ 1,8-2,0 98-07;;H76W;2 000,00
;MC0008;Радиатор MITSUBISHI RVR/CHARIOT 91-97;;-;2 000,00
;MC0002;Радиатор MMC Carisma 95-99;;-;2 000,00
;MC0066-V6;Радиатор MMC Challenger/Montero Sport 96-02 V6 3,0;1,000;;2 700,00
;MC0003;Радиатор MMC Diamante/Sigma 2,5-3,5 95-;2,000;DIAMAN 98;2 500,00
;MC0002-E5;Радиатор MMC Galant, Eterna, Emeraude V6 1993-97;;E5#;2 000,00
;MC0005;Радиатор MMC L400/Delica Space Gear 95- 3,0 V6;3,000;L400;2 400,00
;MC0006-V6-ATM;Радиатор MMC Pajero 6G72 V6 3,0  92-98 ATM;;-;3 050,00
;MC0006-3.5;Радиатор MMC Pajero 6G74  V6  3,5   92-98;;;3 250,00
;MC0006-V70;Радиатор MMC Pajero V73W  2000-;2,000;V73W;2 700,00
;MC0007-D;Радиатор MMC Pajero/Galloper 86-91 2,5TD Diesel A/;;-;2 900,00
;MC0009;Радиатор MMC RVR/Chariot, Grandis  97-;3,000;-;2 400,00
;;NISSAN;;;
;NS0001-16;Радиатор NISSAN AD/WINGROAD/SUNNY B15/ALMERA/BLUEBIRD SYLPHY  QG13-QG18 1,3-1,8 98-;> 5,000;;1 920,00
;NS0009-QX56;Радиатор NISSAN ARMADA/TITAN/QX56 04;;;
;NS000F23;Радиатор NISSAN ATLAS 91-  2,3-2,7 Diesel M/T;;;3 000,00
;NS0003-W11;Радиатор NISSAN AVENIR/EXPERT W11 QG18  98-;2,000;W11;2 100,00
;NS0001-G11;Радиатор NISSAN BLUEBIRD SYLPHY HR15DE 05-;1,000;;2 300,00
;NS0003-13;Радиатор NISSAN BLUEBIRD U13 92-95;2,000;U13;2 250,00
;NS0003-14;Радиатор NISSAN BLUEBIRD U14/PRIMERA CAMINO P11 95-01 SR18;;U14;1 750,00
;NS0004-31;Радиатор NISSAN CEFIRO/LAUREL/SKYLINE 89-94;;A31/HC33/H;1 910,00
;NS0004-32;Радиатор NISSAN CEFIRO/MAXIMA 2,0-3,0 94-98;2,000;A32/33/P12;2 000,00
;NS0004-33;Радиатор NISSAN CEFIRO/MAXIMA 2,0-3,0 99-03;;A33/V10;1 960,00
;NS0001-Z11;Радиатор NISSAN CUBE CR14DE 02-;;;1 900,00
;NS0001;Радиатор NISSAN CUBE Z10 98-02 АКП вариаторная;2,000;Z10/K11;1 900,00
;NS0001-99;Радиатор NISSAN CUBE Z10 98-02 АКП не вариаторная;;Z10/K11;2 100,00
;NS000D22-D;Радиатор NISSAN DATSUN PICK-UP D22 Diesel 97-;3,000;D22;3 000,00
;NS000D22;Радиатор NISSAN DATSUN PICK-UP D22 Gasoline 97-;2,000;D22;2 900,00
;NS0006-Y3;Радиатор NISSAN GLORIA/CEDRIC 90-95;2,000;Y31/32 GLO;2 500,00
;NS0006-Y33;Радиатор NISSAN GLORIA/CEDRIC 95-98;1,000;Y31/32 GLO;2 550,00
;NS0004-C35;Радиатор NISSAN LAUREL 97-03;;C35;3 120,00
;NS0001-K11-99;Радиатор Nissan March Micra 99-;2,000;;2 000,00
;NS0001-K12;Радиатор NISSAN MARCH/MICRA 02-/NOTE 06-/TIIDA 07-/CLIO 06-;2,000;;2 000,00
;NS0001-K11;Радиатор NISSAN MARCH/MICRA 92-99;2,000;-;2 000,00
;NS00077;Радиатор Nissan Murano 2003-;> 5,000;-;3 050,00
;NS00077-V6;Радиатор NISSAN MURANO VQ35 04- 3.5L;3,000;PZ50;2 780,00
;NS000Y60-D;Радиатор NISSAN PATROL 87-97 TD42;;;2 700,00
;NS000Y61-D;Радиатор NISSAN PATROL/SAFARI 98-02 RD28/TD42/ZD30;1,000;;3 100,00
;NS000Y61;Радиатор NISSAN PATROL/SAFARI 98-02 TB45E;;;2 800,00
;NS0002-11-QD;Радиатор NISSAN PRIMERA CAMINO/BLUEBIRD 96-00 QG18/20;> 5,000;P11/U14;1 900,00
;NS0002-12;Радиатор NISSAN PRIMERA QR20 01-04;> 5,000;P12;2 100,00
;NS0002-10;Радиатор NISSAN PRIMERA/AVENIR SR18-20  90-95;1,000;P10;1 700,00
;NS0005-12;Радиатор NISSAN RNESSA/PRESAGE/BASSARA/SERENA SR20, YD25/LIBERTY/PRERIA M12 98-02;;M12;2 300,00
;NS0009-G35;Радиатор NISSAN SKYLINE V35/INFINITI G35 01-;;;2 500,00
;NS0001-14;Радиатор NISSAN SUNNY/PULSAR/PRESEA/SENTRA/AD/WINGROAD 90-98;1,000;B13/14;1 900,00
;NS0004-J31-V6;Радиатор NISSAN TEANA 03- 2,3-3,5 V6;1,000;;2 200,00
;NS0004-J31;Радиатор NISSAN TEANA 03- QR25 4WD;> 5,000;J31;2 200,00
;NS000W21;Радиатор Nissan Terrano 1991-95  3,0 Gasoline;3,000;WD21/D22;2 100,00
;NS000W21-D;Радиатор NISSAN TERRANO 1991-95/MISTRAL/TERRANO II/MAVERICK 95-99  Diesel;;WD21/D22;2 400,00
;NS000R50-D;Радиатор Nissan Terrano, Pathfinder, Regulus 1995-;4,000;R50;2 700,00
;NS000R50;Радиатор Nissan Terrano, Pathfinder, Regulus 1995-;2,000;R50;2 600,00
;NS0010;Радиатор NISSAN TIIDA 04-;;;2 100,00
;NS0008;Радиатор NISSAN TINO V10 SR20  98-;;V10;2 000,00
;NS0007;Радиатор NISSAN X-TRAIL 00-07;1,000;-;2 300,00
;NS0007-T31;Радиатор NISSAN X-TRAIL MR20DE 2007- мех.;;;
;;OPEL;;;
;OP0001;Радиатор Opel Astra 1992-1997;3,000;;1 900,00
;OP0002;Радиатор OPEL CORSA 93-;;;2 001,00
;OP0004;Радиатор OPEL OMEGA A 86-94;4,000;;2 151,00
;OP0005;Радиатор OPEL OMEGA B 2.5/2.6/3.0/3.2   94-06;2,000;;1 800,00
;OP0003;Радиатор OPEL VECTRA A 88-95;;;2 001,00
;OP0001-95;Радиатор OPEL VECTRA B   1.6/1.8/2.0/2.2   95-03;3,000;;1 800,00
;;RENAULT;;;
;RN0001;Радиатор RENAULT KANGOO 98-;;;
;RN0002;Радиатор RENAULT LOGAN/CLIO/MEGANE/KANGOO 05-;;;
;;SSANGYONG;;;
;HY00140;Радиатор Istana / MB140 662 96-;2,000;;2 500,00
;;SUBARU;;;
;SB0001-02;Радиатор SUBARU FORESTER 02-/IMPREZA 02-;1,000;;2 250,00
;SB0004-SG5;Радиатор SUBARU FORESTER 02-07 турбо;1,000;;2 500,00
;SB0001-T;Радиатор SUBARU FORESTER 97-02 турбо, бачки верх-низ;> 5,000;;2 400,00
;SB0001;Радиатор SUBARU FORESTER 97-02/IMPREZA 93-99;;-;1 950,00
;SB0001-99;Радиатор SUBARU FORESTER 98-02/IMPREZA 99-;> 5,000;-;2 200,00
;SB0003;Радиатор SUBARU LEGACY 1,8-2,0-2,2 93-98;1,000;-;1 950,00
;SB0003-T;Радиатор SUBARU LEGACY 2,0 93-98 TURBO;;;2 700,00
;SB0004;Радиатор SUBARU LEGACY 2,5 93-98;;-;2 600,00
;SB0005-T;Радиатор SUBARU LEGACY B4/LANCASTER 98-03 TWIN TURBO;> 5,000;-;2 400,00
;SB0005-BL;Радиатор SUBARU LEGACY BL# 03-05;;;2 200,00
;SB0005-BLT;Радиатор SUBARU LEGACY BL# 03-05 турбо;1,000;;2 200,00
;SB0005;Радиатор SUBARU LEGACY/LANCASTER 98-03;4,000;-;2 450,00
;;SUZUKI;;;
;SK0007;Радиатор SUZUKI AERIO 01-04;4,000;AR21S;2 100,00
;SK0002;Радиатор SUZUKI CULTUS/BALENO/ESTEEM 95-02;;-;1 900,00
;SK0001;Радиатор SUZUKI ESCUDO/VITARA 1,6 88-92 3D;1,000;-;1 900,00
;SK0001-Y;Радиатор SUZUKI ESCUDO/VITARA 1,6-2,0 92-97;;ESCUDO, VI;1 970,00
;SK0006-J20A;Радиатор SUZUKI GRAND VITARA 05- 2.0L;1,000;;2 500,00
;SK0006-H27A;Радиатор SUZUKI GRAND VITARA 05- V6 2.7L;> 5,000;;3 300,00
;SK0004;Радиатор SUZUKI GRAND VITARA XL-7 97-05 2,7L;;;6 000,00
;SK0001-V6;Радиатор Suzuki GrandVitara  V6 2,0-2,5 1994-01;> 5,000;SUZUKI ESCUDO 88-97;2 300,00
;SK0005;Радиатор SUZUKI JIMNY JEEP 98-;;;4 908,00
;SK0008;Радиатор SUZUKI SWIFT 04-;> 5,000;ZC11;2 000,00
;SK0003;Радиатор SUZUKI WAGON R/SOLIO/IGNIS 00-05;;;1 600,00
;;TOYOTA;;;
;TY0006-147-TB;Радиатор Aristo Twin turbo  2JZ-GTE 3,0 92-98;;;3 000,00
;TY0006-161-TB;Радиатор Aristo Twin turbo  2JZ-GTE 3,0 98-;;-;3 000,00
;TY0003-MCX10;Радиатор Avalon MCX10 92-98;;MCX10 AVAL;2 450,00
;TY0003-SXV10;Радиатор Camry (Scepter) SXV10 2,2 92-96;3,000;SXV10 CAMR;2 040,00
;TY0003-MCV30;Радиатор Camry Windom 3,0 2001- MCV30;4,000;MCV30;2 500,00
;TY0002-ST170;Радиатор Corona Carina ST170  4S 3S 88-91;> 5,000;ST170;2 000,00
;TY0006-161;Радиатор Lexus GS300 Aristo Majesta 3,0 98-;4,000;JZS160;2 500,00
;TY0006-147;Радиатор LEXUS GS300/ARISTO MAJESTA 3,0 91-97;3,000;JZS141;2 900,00
;TY0007-F10;Радиатор LEXUS LS400/CELSIOR UCF10 90-94;4,000;UCF10;3 150,00
;TY0007-F20;Радиатор LEXUS LS400/CELSIOR UCF20 94-01;1,000;UCF20;2 400,00
;TY0030-TCR;Радиатор Lucida/Emina/Previa TCR/CXR#  2TZ, 3C-T 9;3,000;TCR10/20;2 300,00
;TY0004-10;Радиатор RAV4 SXA10 94-97;;SXA10;2 150,00
;TY0030-MNH10;Радиатор TOYOTA Alphard 06-;;;
;TY0030-AHN10;Радиатор TOYOTA ALPHARD 2AZ 02-;4,000;;3 500,00
;TY00055;Радиатор TOYOTA ALTEZZA/LEXUS IS200/IS300 1GFE/2JZGE 98-05;> 5,000;GXE10;2 200,00
;TY0003-MCX20;Радиатор TOYOTA AVALON 1MZ-FE 00-05;;;2 350,00
;TY0002-AZT250;Радиатор TOYOTA AVENSIS 03-06 1AZ-F(S)E/2AZ-FE;;;2 000,00
;TY0002-ZZT250;Радиатор TOYOTA AVENSIS 03-06 1ZZ-FE/3ZZ-FE;> 5,000;;2 000,00
;TY0002-ST220;Радиатор Toyota Avensis 97-01 3S 2,0;> 5,000;-;2 430,00
;TY0002-AT220;Радиатор Toyota Avensis 97-01 4A,7A 1,6-1,8;> 5,000;;1 900,00
;DA0001;Радиатор TOYOTA CAMI/DAIHATSU TERIOS 97-05;3,000;-;2 100,00
;TY0003-ACV40-MT;Радиатор TOYOTA CAMRY 06- MT;4,000;ACV40;2 000,00
;TY0003-ACV40;Радиатор TOYOTA CAMRY 2AZ-FE 2,4 06-;;ACV4#;2 200,00
;TY0003-SXV20;Радиатор TOYOTA CAMRY GRACIA/QUALIS 2,2 96-01;;SXV20 CAMR;1 950,00
;TY0003-MCV20;Радиатор TOYOTA CAMRY GRACIA/QUALIS/WINDOM 2,5-3,0 96-01;2,000;MCV20/2R;2 000,00
;TY0003-VCV10-2R;Радиатор TOYOTA CAMRY/SCEPTER/WINDOM (без пробки) VCV10 2,5-3,0  94-96;4,000;VCV10-2R;2 050,00
;TY0003-VCV10;Радиатор TOYOTA CAMRY/SCEPTER/WINDOM VCV10 2,5-3,0  92-94;;VCV10 WIND;2 050,00
;TY0003-ACV30;Радиатор TOYOTA CAMRY/SOLARA 2,4 01-06;5,000;ACV30;2 100,00
;TY0003-SV20;Радиатор TOYOTA CAMRY/VISTA 1.8-2.0 86-90;;SV20;1 800,00
;TY0003-SV30;Радиатор TOYOTA CAMRY/VISTA 3S/4S 90-94;;;2 200,00
;TY0003-SV40;Радиатор TOYOTA CAMRY/VISTA 94-98;;SV4 VIST;2 200,00
;TY0002-ST180;Радиатор TOYOTA CARINA ED/EXIV/CELICA 1.8-2.0 89-92;;ST180;2 000,00
;TY0002-ST200;Радиатор TOYOTA CARINA ED/EXIV/CELICA 93-99;;ST200;2 050,00
;TY0002-ZZT230;Радиатор TOYOTA CELICA 99-06;;ZZT23#;2 200,00
;TY0001-CE120;Радиатор TOYOTA COROLLA 00-06 Diesel;;;1 900,00
;TY0001-140;Радиатор TOYOTA COROLLA 06- RHD;;;2 250,00
;TY0001-120;Радиатор TOYOTA COROLLA FIELDER/VOLTZ/RUNX/ALLEX/SPACIO/WILL VS 00-06;> 5,000;ZZE120;2 000,00
;TY0001-111;Радиатор TOYOTA COROLLA ZZE110 USA 1ZZ;1,000;AE110 CORO;1 800,00
;TY0001-150;Радиатор TOYOTA COROLLA/AURIS 06-;4,000;;2 200,00
;TY0001-100D;Радиатор TOYOTA COROLLA/SPRINTER 2,0D 91-02;2,000;CE100 CORO;2 000,00
;TY0001-110;Радиатор TOYOTA COROLLA/SPRINTER/CARIB/LEVIN/TRUENO/SPACIO 95-02;5,000;AE110;2 000,00
;TY0001-95;Радиатор TOYOTA COROLLA/SPRINTER/LEVIN/TRUENO/CARIB 87-92;3,000;AE9#;2 100,00
;TY0001-100;Радиатор TOYOTA COROLLA/SPRINTER/LEVIN/TRUENO/MARINO 91-02;5,000;AE100;1 950,00
;TY0002-AT210;Радиатор TOYOTA CORONA PREMIO/CARINA AT21# 96-01/CALDINA 96-02;;AT210;1 880,00
;TY0002-CT210;Радиатор TOYOTA CORONA PREMIO/CARINA/CALDINA DIESEL 96-02;> 5,000;CT210;2 100,00
;TY0002-ST210;Радиатор TOYOTA CORONA PREMIO/CARINA/CALDINA ST21# /ST19#;;ST210 CORO;1 900,00
;TY0002-AT170;Радиатор TOYOTA CORONA/CARINA АT17# 88-91;1,000;AT170;1 950,00
;TY0002-AT190;Радиатор TOYOTA CORONA/CARINA/CALDINA AT19# 92-96;3,000;AT190;1 660,00
;TY0002-CT190;Радиатор TOYOTA CORONA/CARINA/CALDINA CT19# DIESEL 92-96;1,000;CT190;2 200,00
;TY0002-ST190-2.0;Радиатор TOYOTA CORONA/CARINA/CALDINA ST19# 3S 92-96;> 5,000;ST195;1 790,00
;TY0002-ST190-1.8;Радиатор TOYOTA CORONA/CARINA/CALDINA ST19# 4S 92-96;> 5,000;ST190;1 720,00
;TY0006-140;Радиатор TOYOTA CROWN 91-95 2,0-3,0;5,000;JZS141 CRO;1 900,00
;TY0006-150;Радиатор TOYOTA CROWN 96-01;4,000;JZS151 CRO;2 200,00
;TY0006-175;Радиатор TOYOTA CROWN 99-07;;JZS175;2 500,00
;TY0006-180;Радиатор TOYOTA CROWN GRS180 03-;;GRS180;2 500,00
;TY00012;Радиатор TOYOTA DUET/DAIHATSU STORIA/SIRION 98-04;;M100G;1 500,00
;TY0063;Радиатор TOYOTA DYNA/TOYOACE TRUCK M/T 99- 3L 2,8;;LY200;3 100,00
;TY0030-TCR30;Радиатор TOYOTA ESTIMA 2AZFE 2,4 99-06;;AZR30;2 400,00
;TY0003-SXU10;Радиатор TOYOTA HARRIER/KLUGER 5S-FE/2AZ-FE 2,2-2,4 97-03;4,000;SXU15;2 400,00
;TY0003-MCU10;Радиатор TOYOTA HARRIER/KLUGER/LEXUS RX300 1MZ 3,0 97-03;;MCU10;2 400,00
;TY0003-MCU30;Радиатор TOYOTA HARRIER/LEXUS RX330/350 03- 1MZ;;;3 800,00
;TY0010-KDH200S;Радиатор TOYOTA HIACE 04- (вспомогательный);;;1 900,00
;TY0010-TRH200;Радиатор TOYOTA HIACE 1TR-FE/2TR-FE 04-;;;
;TY0010-KDH200M;Радиатор TOYOTA HIACE 2KD-FTV 04- (основной);;;
;TY0010-RZH18;Радиатор TOYOTA HIACE GRANVIA/REGIUS 99-01 3RZ 2.7;;RCH42;3 300,00
;TY0010-KCH10;Радиатор TOYOTA HIACE GRANVIA/REGIUS/GRAND HIACE 97- 1KZTE 3.0;;;3 400,00
;TY0010-LH107;Радиатор TOYOTA HIACE LH10#  90-99 #L Diesel A/T;;-;2 400,00
;TY0010-LH10;Радиатор TOYOTA HIACE LH10#  90-99 #L Diesel M/T;;LH11# HIAC;2 300,00
;TY0010-LH18;Радиатор TOYOTA HIACE REGIUS/GRANVIA 5L 2,8 1997-;2,000;HIACE REGI;3 750,00
;TY0010-RZH10;Радиатор TOYOTA HIACE RZH10# 90-99 gasoline M/T;2,000;RZH104;2 450,00
;TY0002-SXM;Радиатор TOYOTA IPSUM/NADIA/GAIA/PICNIC 96-01;;SXM1#;2 100,00
;TY0002-CXM10D;Радиатор TOYOTA IPSUM/NADIA/GAIA/PICNIC 96-01 D;1,000;CXM1#;2 500,00
;TY0009-105;Радиатор TOYOTA LAND CRUISER 100 1HZ,1FZ-FE 98-07 4.2-4.5 General spec;> 5,000;1HD/2003;3 800,00
;TY0009-100D;Радиатор TOYOTA LAND CRUISER 100 Diesel 1HDFTE 4.2  98-07;> 5,000;HDJ100;3 900,00
;TY0009-100;Радиатор TOYOTA LAND CRUISER 100/LEXUS LX470 UZJ100 V8 4,7 98-;> 5,000;LAND CRUIS;3 910,00
;TY0009-200;Радиатор TOYOTA LAND CRUISER 200 2UZ-FE 07-;;;5 300,00
;TY0008-HZJ76;Радиатор TOYOTA LAND CRUISER 70 1HZ 90-04;;;3 700,00
;TY0009-FZJ80;Радиатор TOYOTA LAND CRUISER 80 FZJ80 4500 90-98;2,000;LAND CRUIS;3 100,00
;TY0009-J80D-AT;Радиатор TOYOTA LAND CRUISER 80 HZJ80 Diesel  90-98 A/T;5,000;;3 360,00
;TY0009-J80D;Радиатор TOYOTA LAND CRUISER 80 HZJ80 Diesel  90-98 M/T;;LAND CRUIS;4 116,00
;TY0009-KZJ78;Радиатор TOYOTA LAND CRUISER PRADO 93-99 1KZ-TE 3,0;> 5,000;;4 800,00
;TY0008-J95D;Радиатор TOYOTA LAND CRUISER PRADO KZJ95/SURF/4-RUNNER Diesel  95-02;5,000;J9#;2 500,00
;TY0008-J95;Радиатор TOYOTA LAND CRUISER PRADO VZJ95/SURF/4-RUNNER 95-02;> 5,000;VZJ95/120;2 600,00
;TY0009-120-3.0D;Радиатор TOYOTA LAND CRUISER PRADO/SURF 1KD/UZ 02-;;;3 350,00
;TY0009-120-4.7;Радиатор TOYOTA LAND CRUISER PRADO/SURF 2UZ 02-;;;
;TY0009-120;Радиатор TOYOTA LAND CRUISER PRADO/SURF 5VZ/1GR/3RZ/2TR/5LE 02-;> 5,000;GR120;3 100,00
;TY0005-110;Радиатор TOYOTA MARK II/BLIT JZX110 1JZ-FSE 00- .На 1G-FE не идет;> 5,000;;2 040,00
;TY0005-80;Радиатор TOYOTA MARK II/CRESTA/CHASER 2.0 1G 88-92;2,000;GX81;2 100,00
;TY0005-120;Радиатор TOYOTA MARK X 3GR-FSE/4GR-FSE 04-;;;2 600,00
;TY0005-D;Радиатор TOYOTA MARKII/CHASER/CRESTA 92-01 LX90/LX100 2,5 2LTE Diesel;;LX90-LX100;2 500,00
;TY0005-90;Радиатор TOYOTA MARKII/CHASER/CRESTA JZX90 2,0-3,0 92-96;;JZX90 MARK;2 100,00
;TY0005-100;Радиатор TOYOTA MARKII/CHASER/CRESTA/VEROSSA JZX100/GX110 2,0-3,0 96-;5,000;JZX100/GX1;1 950,00
;TY00013;Радиатор TOYOTA PASSO/DAIHATSU BOON 04-;5,000;C10;1 500,00
;TY0002-240;Радиатор TOYOTA PREMIO/ALLION/CALDINA AZT240/OPA/ISIS/WISH;4,000;ZZT240;1 850,00
;TY0002-NHW20;Радиатор TOYOTA PRIUS 2003-;;;
;TY000NHW10;Радиатор TOYOTA PRIUS 97-03;;;1 900,00
;TY0003-CP100;Радиатор TOYOTA RACTIS/COROLLA 2008-;;;
;TY0004-30;Радиатор TOYOTA RAV4 05-;> 5,000;;2 200,00
;TY0004-ACA20;Радиатор TOYOTA RAV4 1/2AZ 2,0-2,4 00-05;> 5,000;RAV4;2 300,00
;TY0004-ZCA20;Радиатор TOYOTA RAV4 1ZZ 1,8 00-05;> 5,000;RAV4;2 300,00
;TY0004-10-2R;Радиатор TOYOTA RAV4 98-00;3,000;SXA10;2 050,00
;TY0009-UCK35;Радиатор TOYOTA SEQUOIA/TUNDRA 2UZ 2001-;;;
;TY0001-EP80;Радиатор TOYOTA STARLET 89-96;;;1 700,00
;TY0013-1KZ;Радиатор TOYOTA SURF/HILUX/4-RUNNER 3,0 1KZ-TE 93-95;;KZN130;4 050,00
;TY0013-V6;Радиатор TOYOTA SURF/HILUX/4-RUNNER 3,0 V6 1989-95;;HILUX SURF;3 350,00
;TY0013-TDI;Радиатор TOYOTA SURF/HILUX/4-RUNNER LN13# 2,4 1989-95;;HILUX SURF;3 250,00
;TY0013-D;Радиатор TOYOTA SURF/HILUX/4-RUNNER LN13# 2,4 1989-95 с пробкой;;HILUX SURF;3 300,00
;TY0013;Радиатор TOYOTA SURF/HILUX/4RUNNER 2/3Y 89-95;;;2 600,00
;TY0001-EL41;Радиатор TOYOTA TERCEL/CORSA/CYNOS/COROLLA II 90-94;;EL4#/EP80;1 850,00
;TY0001-EL51;Радиатор TOYOTA TERCEL/CORSA/CYNOS/COROLLA II 94-97/RAUM EXZ1# 97-03;5,000;EXZ1#;1 890,00
;TY0050-D;Радиатор TOYOTA TOWN ACE NOAH/LITE ACE CR40  2C-3CT 1996-;;CR50;2 250,00
;TY0050-1.8;Радиатор TOYOTA TOWN ACE NOAH/LITE ACE KR4#  7K 1996-;5,000;KR4#;2 530,00
;TY0050;Радиатор TOYOTA TOWN ACE NOAH/LITE ACE SR4/5#  3S-FE 1996-;2,000;SR4#/SR5#;2 050,00
;TY0003-SV50;Радиатор TOYOTA VISTA ARDEO 98-03;3,000;SV5#;2 100,00
;TY000W90;Радиатор TOYOTA VITZ/BELTA 05- 2Nz-FE 1.5L;> 5,000;NCP92;1 900,00
;TY0002-ACM20;Радиатор TOYOTA VOXY/NOAH/IPSUM 01-;4,000;ACM20;2 200,00
;TY000W10-SZ;Радиатор TOYOTA YARIS/VITZ/ECHO/PLATZ 1/2SZ-FE 99-05;> 5,000;-;1 650,00
;TY000W10;Радиатор TOYOTA YARIS/VITZ/ECHO/PLATZ/FUN CARGO/Bb/IST/PROBOX/SUCCEED/RAUM #20 1/2NZ-FE 99-05;> 5,000;NCZ2#;1 650,00
;;VOLKSWAGEN;;;
;VW0001;Радиатор VW PASSAT B3 1.6, 1.8   88-93 MT;> 5,000;;1 150,00
;VW0002;Радиатор VW PASSAT B4 1.6, 1.8, 2.0  93-96 MT;> 5,000;;1 701,00
;VW0003;Радиатор VW PASSAT B5/A4/S4/A6/S6 1.6/1.8/1.9/2.0/2.3  95-05 AT;> 5,000;;2 200,00
;;ПРОЧЕЕ;;;
;R125A;Пробка радиатора 16401-72090;> 5,000;R125A;120,00
;R124B;Пробка радиатора 16401-76021,5B440,63010,54750;> 5,000;R124B;90,00
;OAOP5055;Радиатор OPEL VECTRA B 1.6-2.0;1,000;;50,00
;VL000940;Радиатор VOLVO 940;1,000;VOLVO 940;50,00
